"","fnde_raw","ipea_raw"
"1","agnoline",NA
"2","chineque",NA
"3","chipsmandioca",NA
"4","aipimascado",NA
"5","rapaduraanulada",NA
"6","rosquinha",NA
"7","colorifico",NA
"8","cheiroverdeorganico",NA
"9","aboboraascada",NA
"10","linguicinha",NA
"11","sequilhos",NA
"12","hortifrutigranjeiros",NA
"13","aboboraacada",NA
"14","amendoimascado",NA
"15","polpaaviola",NA
"16","refrigerante",NA
"17","macaxeiraascada",NA
"18","alhoascado",NA
"19","tabuleiro",NA
"20","coentroidade",NA
"21","cebolinhaidade",NA
"22","laranjaidade",NA
"23","tangerinaidade",NA
"24","hortifrutigranjeiro",NA
"25","macaxeiramandioca",NA
"26","mandiocamacaxeira",NA
"27","cambotian",NA
"28","mandiocaasacada",NA
"29","agholine",NA
"30","acelgaidade",NA
"31","condimento",NA
"32","aipimascao",NA
"33","capeletti",NA
"34","repolhoidade",NA
"35","tapiocaanulada",NA
"36","sequilhosid",NA
"37","escarolaidade",NA
"38","quirerinha",NA
"39","paletaossa",NA
"40","schimier",NA
"41","mandiocaascad",NA
"42","aboborapaulista",NA
"43","composto",NA
"44","cuquinhas",NA
"45","enroladinho",NA
"46","entregasca",NA
"47","bolachaalfajor",NA
"48","ruculaidade",NA
"49","melanciaidade",NA
"50","pimentaoidade",NA
"51","cortecong",NA
"52","iogurtesabores",NA
"53","mandiocaacada",NA
"54","aboboraascadaada",NA
"55","hortifrutigrangeiros",NA
"56","esfirras",NA
"57","abacaxiidade",NA
"58","brasileira",NA
"59","aquisicao",NA
"60","aboborakabotia",NA
"61","clorifico",NA
"62","mussarelaande",NA
"63","hortifruticola",NA
"64","rapadurinhaproduto",NA
"65","mamaoidade",NA
"66","limaotaiti",NA
"67","hortifruticolas",NA
"68","schmier",NA
"69","mandioncaascada",NA
"70","melsilvestre",NA
"71","apresuntado",NA
"72","mandiocaaudaascada",NA
"73","aboboraascadas",NA
"74","mandiocadescascada",NA
"75","sanduiche",NA
"76","tomatecolorido",NA
"77","mamaoformosa",NA
"78","agnolines",NA
"79","vagempicada",NA
"80","aboboracabotia",NA
"81","sobrecoxa",NA
"82","chocolateanulado",NA
"83","panetone",NA
"84","beijuzinho",NA
"85","molusculo",NA
"86","hortifruticulas",NA
"87","fortifrutuculas",NA
"88","macacheiraascada",NA
"89","coopervita",NA
"90","phisallys",NA
"91","queijadinha",NA
"92","amendoinascado",NA
"93","bananananica",NA
"94","talharim",NA
"95","complemento",NA
"96","brigadeiro",NA
"97","bacaxiaudo",NA
"98","ovosidade",NA
"99","agnolini",NA
"100","colorificosul",NA
"101","condimentos",NA
"102","conservas",NA
"103","enroladim",NA
"104","abrobinhaada",NA
"105","mandiocapicemb",NA
"106","pirarucu",NA
"107","colorifero",NA
"108","iogurtemorango",NA
"109","iogurtesalada",NA
"110","alfaceidade",NA
"111","goma","roma"
"112","po","pao"
"113","po","pe"
"114","melaco","melado"
"115","melaco","melao"
"116","frutos","frutas"
"117","p","pe"
"118","palito","palmito"
"119","feixe","peixe"
"120","maco","maca"
"121","bata","nata"
"122","popa","sopa"
"123","pa","pao"
"124","pa","pe"
"125","bana","banha"
"126","bana","cana"
"127","bana","mana"
"128","bataba","bacaba"
"129","gelado","melado"
"130","baroa","barra"
"131","baroa","broa"
"132","pae","pe"
"133","pimento","pimentao"
"134","carna","cana"
"135","carna","cara"
"136","banaba","bacaba"
"137","malao","mamao"
"138","fruto","fruta"
"139","me","pe"
"140","de","pe"
"141","posta","pasta"
"142","pinho","pinhao"
"143","sacos","sucos"
"144","cuca","acucar"
"145","cuca","cacau"
"146","cuca","caja"
"147","cuca","cana"
"148","cuca","cara"
"149","cuca","coco"
"150","cuca","fuba"
"151","cuca","jaca"
"152","cuca","lula"
"153","cuca","maca"
"154","cuca","suco"
"155","cuca","uva"
"156","ora","amora"
"157","ora","broa"
"158","ora","cara"
"159","ora","erva"
"160","ora","ovo"
"161","ora","pera"
"162","ora","roma"
"163","ora","soja"
"164","ora","sopa"
"165","ora","sorda"
"166","ora","torta"
"167","ora","uva"
"168","frango","morango"
"169","galinha","farinha"
"170","galinha","salsinha"
"171","file","figo"
"172","file","jilo"
"173","un","pe"
"174","un","uva"
"175","bananada","banana"
"176","miudo","milho"
"177","corte","couve"
"178","corte","torta"
"179","iog","figo"
"180","iog","inga"
"181","goiabada","goiaba"
"182","mini","kiwi"
"183","mini","mana"
"184","mini","mix"
"185","","pe"
"186","baru","barra"
"187","baru","caju"
"188","baru","cara"
"189","grango","morango"
"190","raiz","taia"
"191","pipoca","pacoca"
"192","ponca","pinha"
"193","ponca","polpa"
"194","ponca","rosca"
"195","chimia","chicha"
"196","beb","mel"
"197","beb","pe"
"198","tortei","torta"
"199","caixa","caja"
"200","caixa","cana"
"201","caixa","cara"
"202","caixa","caxi"
"203","caixa","taia"
"204","aipo","alho"
"205","aipo","figo"
"206","aipo","jilo"
"207","aipo","aipim"
"208","figado","figo"
"209","acc","acai"
"210","acc","jaca"
"211","acc","maca"
"212","pote","pe"
"213","pote","peta"
"214","grao","agriao"
"215","grao","broa"
"216","grao","pao"
"217","lombo","bombom"
"218","lombo","jambo"
"219","lombo","limao"
"220","lombo","louro"
"221","frago","figo"
"222","frago","trigo"
"223","coxa","caja"
"224","coxa","cana"
"225","coxa","cara"
"226","coxa","caxi"
"227","coxa","coco"
"228","coxa","roma"
"229","coxa","soja"
"230","coxa","sopa"
"231","sonho","molho"
"232","c","pe"
"233","br","broa"
"234","br","pe"
"235","mam","maca"
"236","mam","mana"
"237","mam","mel"
"238","mam","mix"
"239","mam","pao"
"240","raspa","massa"
"241","raspa","pasta"
"242","raspa","rosca"
"243","vinho","milho"
"244","vinho","pinha"
"245","vinho","pinhao"
"246","cominho","bolinho"
"247","paes","aves"
"248","paes","pe"
"249","req","mel"
"250","req","pe"
"251","isca","inga"
"252","isca","jaca"
"253","isca","maca"
"254","isca","rosca"
"255","chu","caju"
"256","ravioli","graviola"
"257","sal","mel"
"258","sal","pao"
"259","sal","salsa"
"260","t","pe"
"261","melacos","melado"
"262","melacos","melao"
"263","salvia","salada"
"264","salvia","salsa"
"265","pastel","pasta"
"266","pizza","pinha"
"267","poejo","polvo"
"268","broto","bolo"
"269","broto","broa"
"270","moida","sorda"
"271","peito","peixe"
"272","peito","leite"
"273","peito","pepino"
"274","peito","peta"
"275","cubos","sucos"
"276","polenta","pimenta"
"277","blos","broa"
"278","palma","pasta"
"279","palma","polpa"
"280","palma","salsa"
"281","nozinho","bolinho"
"282","papinha","farinha"
"283","papinha","pamonha"
"284","papinha","pinha"
"285","cha","caja"
"286","cha","cana"
"287","cha","cara"
"288","cha","uva"
"289","panc","cana"
"290","panc","mana"
"291","panc","pao"
"292","folha","molho"
"293","folha","polpa"
"294","ac","acai"
"295","ac","jaca"
"296","ac","maca"
"297","ac","pao"
"298","ac","pe"
"299","salame","salada"
"300","canela","cana"
"301","arraia","araca"
"302","bife","cafe"
"303","bala","banha"
"304","bala","barra"
"305","bala","bolo"
"306","bala","broa"
"307","bala","caja"
"308","bala","cana"
"309","bala","cara"
"310","bala","fava"
"311","bala","jaca"
"312","bala","lula"
"313","bala","maca"
"314","bala","mana"
"315","bala","nata"
"316","bala","salsa"
"317","bala","taia"
"318","kg","pe"
"319","cuxa","caja"
"320","cuxa","cana"
"321","cuxa","cara"
"322","cuxa","caxi"
"323","cuxa","fuba"
"324","cuxa","lula"
"325","cuxa","uva"
"326","cn","cana"
"327","cn","pe"
"328","fibra","cidra"
"329","fibra","fuba"
"330","feij","beiju"
"331","pitaia","taia"
"332","joao","bolo"
"333","joao","coco"
"334","joao","jilo"
"335","joao","ovo"
"336","joao","pao"
"337","curau","cacau"
"338","curau","cara"
"339","maracujina","maracuja"
"340","poca","doce"
"341","poca","coco"
"342","poca","jaca"
"343","poca","maca"
"344","poca","pacoca"
"345","poca","pera"
"346","poca","peta"
"347","poca","polpa"
"348","poca","roma"
"349","poca","rosca"
"350","poca","soja"
"351","poca","sopa"
"352","pouca","polpa"
"353","pouca","rosca"
"354","bisto","risoto"
"355","ricota","risoto"
"356","a","pao"
"357","a","pe"
"358","a","uva"
"359","sua","fuba"
"360","sua","lula"
"361","sua","soja"
"362","sua","sopa"
"363","sua","suco"
"364","sua","uva"
"365","coen","coco"
"366","iame","cafe"
"367","sagu","caju"
"368","tanja","banha"
"369","tanja","caja"
"370","tanja","cana"
"371","tanja","mana"
"372","tanja","manga"
"373","tanja","taia"
"374","magas","maca"
"375","magas","mamao"
"376","magas","mana"
"377","magas","manga"
"378","magas","massa"
"379","xero","nego"
"380","xero","pera"
"381","xero","xerem"
"382","vs","aves"
"383","vs","ovo"
"384","vs","pe"
"385","vs","uva"
"386","moraga","morango"
"387","coveada","cocada"
"388","tang","cana"
"389","tang","mana"
"390","tang","manga"
"391","tang","taia"
"392","ma","lima"
"393","ma","maca"
"394","ma","mana"
"395","ma","mel"
"396","ma","mix"
"397","ma","pao"
"398","ma","pe"
"399","ma","roma"
"400","ma","uva"
"401","pene","peixe"
"402","pene","pe"
"403","pene","pera"
"404","pene","peta"
"405","costela","hortela"
"406","mangaid","mangaba"
"407","mangaid","mangalo"
"408","misto","milho"
"409","misto","risoto"
"410","rxx","mix"
"411","jamelao","melao"
"412","quinoa","suino"
"413","vos","aves"
"414","vos","ovo"
"415","kit","kiwi"
"416","kit","mix"
"417","sardinha","farinha"
"418","sardinha","salsinha"
"419","porco","coco"
"420","porco","polvo"
"421","uvakg","uvaia"
"422","cucas","acucar"
"423","cucas","cacau"
"424","cucas","sucos"
"425","id","mix"
"426","id","pe"
"427","chipa","chicha"
"428","n","pe"
"429","moela","mel"
"430","moela","melao"
"431","palpo","alho"
"432","palpo","caldo"
"433","palpo","pao"
"434","palpo","polvo"
"435","bebida","beiju"
"436","bebida","biriba"
"437","bebida","cebola"
"438","orelha","acelga"
"439","orelha","ervilha"
"440","orelha","hortela"
"441","orelha","uvalha"
"442","corante","carne"
"443","corante","morango"
"444","corante","sorvete"
"445","corante","tomate"
"446","mandioquinha","canjiquinha"
"447","couveada","cocada"
"448","pimentoes","pimenta"
"449","mamoes","amora"
"450","mamoes","aves"
"451","garrafa","araca"
"452","garrafa","barra"
"453","batatinha","catalonha"
"454","linguica","linhaca"
"455","geleia","aveia"
"456","tareco","araca"
"457","tareco","marisco"
"458","tareco","marmelo"
"459","tareco","trigo"
"460","tomatinho","tamarindo"
"461","tomatinho","toucinho"
"462","limoes","lima"
"463","amido","agriao"
"464","amido","alho"
"465","amido","ameixa"
"466","amido","amendoa"
"467","amido","amora"
"468","amido","caldo"
"469","amido","figo"
"470","amido","jambo"
"471","amido","jilo"
"472","amido","limao"
"473","amido","mamao"
"474","amido","milho"
"475","amido","mix"
"476","amido","palmito"
"477","amido","suino"
"478","amido","trigo"
"479","pernil","pepino"
"480","pernil","pequi"
"481","pernil","pera"
"482","queijada","queijo"
"483","bandeja","banana"
"484","bandeja","banha"
"485","bisc","beiju"
"486","bisc","bolo"
"487","bisc","broa"
"488","bisc","figo"
"489","bisc","jilo"
"490","bisc","kiwi"
"491","bisc","lima"
"492","bisc","mix"
"493","bisc","rosca"
"494","nozes","doce"
"495","nozes","aves"
"496","nozes","oleo"
"497","marmelada","marmelo"
"498","sacolao","pacoca"
"499","sacolao","salsao"
"500","cabotia","cagaita"
"501","cabotia","cebola"
"502","cajuina","cagaita"
"503","cajuina","caja"
"504","cajuina","caju"
"505","cajuina","cana"
"506","cajuina","canjica"
"507","cajuina","caqui"
"508","pupunha","pamonha"
"509","pupunha","pinha"
"510","pupunha","mugunza"
"511","picado","caldo"
"512","picado","cocada"
"513","picado","limao"
"514","picado","melado"
"515","picado","pao"
"516","picado","pinhao"
"517","iscas","acai"
"518","iscas","cacau"
"519","iscas","sucos"
"520","iscas","inga"
"521","iscas","jaca"
"522","iscas","maca"
"523","iscas","rosca"
"524","mistura","mostarda"
"525","cheiro","cariru"
"526","cheiro","coentro"
"527","cheiro","queijo"
"528","cabutia","cagaita"
"529","cabutia","caqui"
"530","banjeda","banana"
"531","banjeda","banha"
"532","banjeda","canjica"
"533","sobre","doce"
"534","sobre","couve"
"535","sobre","louro"
"536","sobre","soja"
"537","sobre","sopa"
"538","sobre","sorda"
"539","lentilha","bertalha"
"540","lentilha","ervilha"
"541","cueca","acucar"
"542","cueca","araca"
"543","cueca","aveia"
"544","cueca","cacau"
"545","cueca","caja"
"546","cueca","cana"
"547","cueca","cara"
"548","cueca","chicha"
"549","cueca","cidra"
"550","cueca","coco"
"551","cueca","creme"
"552","cueca","cuscuz"
"553","cueca","fuba"
"554","cueca","jaca"
"555","cueca","lula"
"556","cueca","maca"
"557","cueca","pera"
"558","cueca","peta"
"559","cueca","rosca"
"560","cueca","suco"
"561","cueca","uva"
"562","cravo","araca"
"563","cravo","cafe"
"564","cravo","caja"
"565","cravo","caju"
"566","cravo","caldo"
"567","cravo","cana"
"568","cravo","cara"
"569","cravo","carne"
"570","cravo","caxi"
"571","cravo","coco"
"572","cravo","couve"
"573","cravo","creme"
"574","cravo","erva"
"575","cravo","fava"
"576","cravo","nabo"
"577","cravo","ovo"
"578","cravo","pao"
"579","cravo","polvo"
"580","cravo","trigo"
"581","espiga","nespera"
"582","cereais","vegetais"
"583","folhas","flocos"
"584","folhas","frutas"
"585","folhas","molho"
"586","folhas","polpa"
"587","files","figo"
"588","files","aves"
"589","files","jilo"
"590","files","milho"
"591","files","oleo"
"592","morgota","torta"
"593","coalhada","cocada"
"594","coalhada","salada"
"595","seleta","peta"
"596","seleta","salada"
"597","seleta","salsa"
"598","chas","acai"
"599","chas","cacau"
"600","chas","cafe"
"601","chas","caja"
"602","chas","caju"
"603","chas","cana"
"604","chas","cara"
"605","chas","caxi"
"606","chas","coco"
"607","chas","aves"
"608","chas","pao"
"609","chas","uva"
"610","quirera","quibe"
"611","manjerona","tangerina"
"612","manjerona","manjericao"
"613","geremun","xerem"
"614","melpuro","louro"
"615","melpuro","melado"
"616","melpuro","melao"
"617","melpuro","tempero"
"618","presunto","produto"
"619","morgote","jongome"
"620","morgote","sorvete"
"621","charque","caqui"
"622","charque","charuto"
"623","mortadela","hortela"
"624","biomassa","massa"
"625","baleeira","almeirao"
"626","monte","doce"
"627","monte","couve"
"628","monte","leite"
"629","monte","mana"
"630","monte","manga"
"631","monte","molho"
"632","monte","tomate"
"633","monte","torta"
"634","musculo","cuscuz"
"635","musculo","rucula"
"636","esfinha","ervilha"
"637","esfinha","farinha"
"638","esfinha","pinha"
"639","esfiha","ervilha"
"640","agua","acai"
"641","agua","acucar"
"642","agua","agriao"
"643","agua","alho"
"644","agua","amora"
"645","agua","araca"
"646","agua","aveia"
"647","agua","banha"
"648","agua","barra"
"649","agua","broa"
"650","agua","cacau"
"651","agua","caja"
"652","agua","caju"
"653","agua","cana"
"654","agua","caqui"
"655","agua","cara"
"656","agua","erva"
"657","agua","fava"
"658","agua","aves"
"659","agua","fruta"
"660","agua","fuba"
"661","agua","inga"
"662","agua","jaca"
"663","agua","lima"
"664","agua","lula"
"665","agua","maca"
"666","agua","mana"
"667","agua","manga"
"668","agua","massa"
"669","agua","nata"
"670","agua","pasta"
"671","agua","pera"
"672","agua","peta"
"673","agua","roma"
"674","agua","salsa"
"675","agua","soja"
"676","agua","sopa"
"677","agua","taia"
"678","agua","uva"
"679","agua","vagem"
"680","cjeiro","cariru"
"681","cjeiro","coentro"
"682","cjeiro","jilo"
"683","cjeiro","queijo"
"684","nectar","nata"
"685","nectar","nectarina"
"686","nectar","peta"
"687","endro","cidra"
"688","endro","coentro"
"689","endro","louro"
"690","endro","nabo"
"691","endro","nego"
"692","melissa","massa"
"693","cominho+","bolinho"
"694","paozinho","bolinho"
"695","cabocha","cebola"
"696","cabocha","chicha"
"697","cabocha","pacoca"
"698","cabocha","pamonha"
"699","paprica","araca"
"700","paprica","canjica"
"701","paprica","pacoca"
"702","paprica","tapioca"
"703","pancs","banha"
"704","pancs","cana"
"705","pancs","aves"
"706","pancs","jaca"
"707","pancs","maca"
"708","pancs","mana"
"709","pancs","manga"
"710","pancs","pacoca"
"711","pancs","pao"
"712","pancs","pasta"
"713","pancs","pinha"
"714","pitaya","batata"
"715","pitaya","peta"
"716","pitaya","pinha"
"717","pitaya","taia"
"718","alimento","pimenta"
"719","alimento","pimentao"
"720","pudim","capim"
"721","pudim","aipim"
"722","disco","doce"
"723","disco","coco"
"724","disco","figo"
"725","disco","jilo"
"726","disco","limao"
"727","disco","marisco"
"728","disco","milho"
"729","disco","risoto"
"730","disco","rosca"
"731","disco","suco"
"732","tatarca","araca"
"733","tatarca","batata"
"734","tatarca","tapioca"
"735","mimosa","amora"
"736","mimosa","lima"
"737","mimosa","massa"
"738","picole","pacoca"
"739","buque","caqui"
"740","buque","pequi"
"741","buque","quibe"
"742","xuxu","caju"
"743","xuxu","caxi"
"744","xuxu","fuba"
"745","xuxu","lula"
"746","xuxu","mix"
"747","xuxu","suco"
"748","xuxu","umbu"
"749","xuxu","uva"
"750","cebolete","cebola"
"751","fibras","cidra"
"752","fibras","citrus"
"753","fibras","fuba"
"754","fibras","frutas"
"755","tilapia","taia"
"756","sarolho","alho"
"757","sarolho","molho"
"758","sarolho","repolho"
"759","saroio","salsao"
"760","esfira","nespera"
"761","cupcake","cupuacu"
"762","celeia","acelga"
"763","celeia","aveia"
"764","celeia","cebola"
"765","sache","acai"
"766","sache","alho"
"767","sache","doce"
"768","sache","banha"
"769","sache","cacau"
"770","sache","cafe"
"771","sache","sucos"
"772","sache","carne"
"773","sache","jaca"
"774","sache","maca"
"775","sache","salsa"
"776","sache","suco"
"777","verdura","cenoura"
"778","inglesa","inga"
"779","mudas","sucos"
"780","mudas","fuba"
"781","mudas","frutas"
"782","mudas","lula"
"783","mudas","maca"
"784","mudas","mamao"
"785","mudas","mana"
"786","mudas","massa"
"787","mudas","melao"
"788","mudas","uva"
"789","chiro","caldo"
"790","chiro","cara"
"791","chiro","cariru"
"792","chiro","charuto"
"793","chiro","chicha"
"794","chiro","cidra"
"795","chiro","coco"
"796","chiro","figo"
"797","chiro","jilo"
"798","chiro","louro"
"799","chiro","suino"
"800","chiro","trigo"
"801","tche","acai"
"802","tche","alho"
"803","tche","doce"
"804","tche","cafe"
"805","tche","pe"
"806","tche","taia"
"807","tozzo","bolo"
"808","tozzo","coco"
"809","tozzo","louro"
"810","tozzo","molho"
"811","tozzo","oleo"
"812","tozzo","ovo"
"813","tozzo","polvo"
"814","tozzo","torta"
"815","tozzo","trigo"
"816","bella","acelga"
"817","bella","banha"
"818","bella","barra"
"819","bella","beiju"
"820","bella","bolo"
"821","bella","broa"
"822","bella","cebola"
"823","bella","erva"
"824","bella","fecula"
"825","bella","lula"
"826","bella","mel"
"827","bella","melao"
"828","bella","pera"
"829","bella","peta"
"830","bella","polpa"
"831","bella","salsa"
"832","jon","doce"
"833","jon","bolo"
"834","jon","broa"
"835","jon","cana"
"836","jon","coco"
"837","jon","jaca"
"838","jon","jilo"
"839","jon","mana"
"840","jon","mel"
"841","jon","mix"
"842","jon","ovo"
"843","jon","pao"
"844","jon","pe"
"845","jon","roma"
"846","jon","soja"
"847","jon","sopa"
"848","jon","uva"
"849","cubose","sucos"
"850","cubose","cebola"
"851","saches","sucos"
"852","saches","aves"
"853","quijada","quiabo"
"854","abiu","acai"
"855","abiu","alho"
"856","abiu","aveia"
"857","abiu","beiju"
"858","abiu","cacau"
"859","abiu","caju"
"860","abiu","capim"
"861","abiu","caqui"
"862","abiu","cariru"
"863","abiu","caxi"
"864","abiu","babacu"
"865","abiu","aves"
"866","abiu","jambu"
"867","abiu","mix"
"868","abiu","nabo"
"869","abiu","taia"
"870","abiu","umbu"
"871","abiu","aipim"
"872","mapati","acai"
"873","mapati","batata"
"874","mapati","maca"
"875","mapati","mamao"
"876","mapati","mana"
"877","cheiuro","charuto"
"878","cheiuro","coentro"
"879","guisado","quiabo"
"880","agroind","agriao"
"881","agroin","agriao"
"882","agroin","arroz"
"883","aletria","atemoia"
"884","aletria","aveia"
"885","mentira","cenoura"
"886","mentira","maniva"
"887","mentira","manteiga"
"888","bisnaga","banana"
"889","bisnaga","inga"
"890","margarina","tangerina"
"891","bacon","acai"
"892","bacon","bacaba"
"893","bacon","bacuri"
"894","bacon","banana"
"895","bacon","banha"
"896","bacon","barra"
"897","bacon","bolo"
"898","bacon","broa"
"899","bacon","cacau"
"900","bacon","sucos"
"901","bacon","coco"
"902","bacon","jaca"
"903","bacon","maca"
"904","bacon","nabo"
"905","bacon","pacoca"
"906","bacon","pao"
"907","bacon","suco"
"908","alhoado","salgado"
"909","atum","acai"
"910","atum","alho"
"911","atum","caju"
"912","atum","capim"
"913","atum","caqui"
"914","atum","aves"
"915","atum","nata"
"916","atum","taia"
"917","atum","vagem"
"918","atum","aipim"
"919","machiche","chicha"
"920","cereal","acerola"
"921","cereal","cara"
"922","cereal","cebola"
"923","cereal","creme"
"924","cereal","erva"
"925","cereal","pera"
"926","cereal","xerem"
"927","temp","creme"
"928","temp","lima"
"929","temp","mel"
"930","temp","nego"
"931","temp","pe"
"932","temp","pera"
"933","temp","peta"
"934","temp","roma"
"935","temp","taia"
"936","gelia","acelga"
"937","gelia","aveia"
"938","gelia","erva"
"939","gelia","lima"
"940","gelia","lula"
"941","gelia","mel"
"942","gelia","melao"
"943","gelia","pera"
"944","gelia","peta"
"945","gelia","polpa"
"946","gelia","salsa"
"947","gelia","taia"
"948","gelia","uvaia"
"949","mucarela","escarola"
"950","cajazinha","catalonha"
"951","maizena","mana"
"952","chero","caldo"
"953","chero","cara"
"954","chero","charuto"
"955","chero","cidra"
"956","chero","coco"
"957","chero","coentro"
"958","chero","creme"
"959","chero","louro"
"960","chero","nego"
"961","chero","oleo"
"962","chero","pera"
"963","franco","araca"
"964","franco","morango"
"965","tapereba","acerola"
"966","tapereba","tangerina"
"967","tapereba","pera"
"968","tapereba","taioba"
"969","tapereba","tapioca"
"970","chocolate","achocolatado"
"971","tambaqui","caqui"
"972","tambaqui","babacu"
"973","tambaqui","jambu"
"974","sequilho","ervilha"
"975","sequilho","milho"
"976","sequilho","pequi"
"977","sequilho","polvilho"
"978","sequilho","quiabo"
"979","sequilho","repolho"
"980","sequilho","requeijao"
"981","sequilho","serralha"
"982","sequilho","suino"
"983","grostoli","brocolis"
"984","grostoli","granola"
"985","grostoli","graviola"
"986","geladinho","bolinho"
"987","geladinho","melado"
"988","sequinhos","suino"
"989","merenda","amendoa"
"990","merenda","erva"
"991","merenda","farinha"
"992","merenda","laranja"
"993","merenda","mana"
"994","merenda","manga"
"995","merenda","melado"
"996","merenda","melancia"
"997","merenda","mexerica"
"998","merenda","morango"
"999","merenda","pera"
"1000","merenda","pimenta"
"1001","merenda","sorda"
"1002","merenda","xerem"
"1003","merenda","mugunza"
"1004","geleias","vegetais"
"1005","geleias","aveia"
"1006","geleias","leite"
"1007","geleias","melao"
"1008","frangoado","mangalo"
"1009","frangoado","salgado"
"1010","murcote","abacate"
"1011","murcote","buriti"
"1012","murcote","sucos"
"1013","murcote","murici"
"1014","murcote","sorvete"
"1015","murcote","suco"
"1016","quirrera","quibe"
"1017","cocoidade","cocada"
"1018","fermento","marmelo"
"1019","fermento","pimenta"
"1020","fermento","pimentao"
"1021","xodozinho","bolinho"
"1022","xodozinho","toucinho"
"1023","concentrado","coentro"
"1024","paezinhos","pepino"
"1025","camomila","ameixa"
"1026","camomila","amora"
"1027","camomila","cagaita"
"1028","camomila","canjica"
"1029","camomila","carambola"
"1030","camomila","cebola"
"1031","camomila","pamonha"
"1032","alecrim","acai"
"1033","alecrim","almeirao"
"1034","alecrim","amendoim"
"1035","alecrim","atemoia"
"1036","alecrim","aveia"
"1037","alecrim","lichia"
"1038","alecrim","xerem"
"1039","alecrim","aipim"
"1040","ostoli","bolo"
"1041","ostoli","cebola"
"1042","ostoli","outros"
"1043","ostoli","hortela"
"1044","ostoli","jatoba"
"1045","ostoli","oleo"
"1046","ostoli","ovo"
"1047","ostoli","soja"
"1048","ostoli","sopa"
"1049","nhoque","doce"
"1050","nhoque","caqui"
"1051","nhoque","cookie"
"1052","nhoque","couve"
"1053","nhoque","croquete"
"1054","nhoque","inhame"
"1055","nhoque","pequi"
"1056","ovosanja","laranja"
"1057","ovosanja","lasanha"
"1058","picles","doce"
"1059","picles","peixe"
"1060","picles","sucos"
"1061","picles","citrus"
"1062","picles","aves"
"1063","picles","jilo"
"1064","picles","lichia"
"1065","picles","milho"
"1066","picles","oleo"
"1067","picles","pacoca"
"1068","picles","pe"
"1069","picles","pinha"
"1070","picles","pinhao"
"1071","picles","polpa"
"1072","picles","polvo"
"1073","pirogue","iogurte"
"1074","pirogue","produto"
"1075","pirogue","vinagre"
"1076","bombocado","bombom"
"1077","conserva","cenoura"
"1078","conserva","erva"
"1079","kabotia","amora"
"1080","kabotia","aveia"
"1081","kabotia","batata"
"1082","kabotia","cagaita"
"1083","kabotia","cebola"
"1084","kabotia","jatoba"
"1085","kabotia","nabo"
"1086","kabotia","nata"
"1087","kabotia","pacoca"
"1088","kabotia","pamonha"
"1089","kabotia","pasta"
"1090","kabotia","taia"
"1091","kabotia","taioba"
"1092","quitanda","castanha"
"1093","quitanda","mostarda"
"1094","quitanda","quiabo"
"1095","pedacos","sucos"
"1096","pedacos","flocos"
"1097","pedacos","melado"
"1098","pedacos","melao"
"1099","pedacos","pacoca"
"1100","pedacos","pao"
"1101","pedacos","pepino"
"1102","pedacos","pera"
"1103","pedacos","peta"
"1104","esfirra","barra"
"1105","esfirra","cidra"
"1106","esfirra","erva"
"1107","esfirra","ervilha"
"1108","esfirra","escarola"
"1109","esfirra","nespera"
"1110","esfirra","sorda"
"1111","casadinho","castanha"
"1112","casadinho","catalonha"
"1113","casadinho","lasanha"
"1114","casadinho","tamarindo"
"1115","mussarela","escarola"
"1116","mussarela","mostarda"
"1117","alhoaudo","louro"
"1118","alhoaudo","salgado"
"1119","cabotian","cagaita"
"1120","cabotian","cebola"
"1121","verduras","cenoura"
"1122","verduras","frutas"
"1123","chiringa","biriba"
"1124","chiringa","chicha"
"1125","chiringa","chicoria"
"1126","chiringa","farinha"
"1127","chiringa","inga"
"1128","compota","amora"
"1129","compota","bombom"
"1130","compota","cagaita"
"1131","compota","cebola"
"1132","compota","cocada"
"1133","compota","coco"
"1134","compota","peta"
"1135","compota","pimenta"
"1136","compota","polpa"
"1137","compota","roma"
"1138","compota","sopa"
"1139","compota","tomate"
"1140","compota","torta"
"1141","compota","colorau"
"1142","azedinha","abobrinha"
"1143","azedinha","ameixa"
"1144","azedinha","aveia"
"1145","azedinha","azeite"
"1146","azedinha","farinha"
"1147","azedinha","pinha"
"1148","azedinha","salsinha"
"1149","radiche","doce"
"1150","radiche","chicha"
"1151","radiche","farinha"
"1152","radiche","maxixe"
"1153","luinguica","linhaca"
"1154","longuica","canjica"
"1155","longuica","linhaca"
"1156","longuica","panqueca"
"1157","sequilos","sucos"
"1158","sequilos","pequi"
"1159","sequilos","suino"
"1160","beliscao","bolinho"
"1161","beliscao","feijao"
"1162","beliscao","limao"
"1163","beliscao","marisco"
"1164","beliscao","melao"
"1165","beliscao","salsao"
"1166","vassoura","amora"
"1167","vassoura","cenoura"
"1168","vassoura","massa"
"1169","vassoura","rapadura"
"1170","grostole","granola"
"1171","grostole","graviola"
"1172","chimango","camarao"
"1173","chimango","limao"
"1174","chimango","manga"
"1175","chimango","morango"
"1176","empadinha","farinha"
"1177","empadinha","pamonha"
"1178","empadinha","pinha"
"1179","essencia","melancia"
"1180","gelatina","melancia"
"1181","gelatina","nectarina"
"1182","legumes","cogumelo"
"1183","legumes","leite"
"1184","lanches","aves"
"1185","lanches","lichia"
"1186","guandu","banha"
"1187","guandu","cacau"
"1188","guandu","caju"
"1189","guandu","caldo"
"1190","guandu","cana"
"1191","guandu","granola"
"1192","guandu","jambu"
"1193","guandu","mana"
"1194","guandu","manga"
"1195","guandu","suino"
"1196","guandu","umbu"
"1197","proteina","hortela"
"1198","proteina","manteiga"
"1199","murcota","broa"
"1200","murcota","buriti"
"1201","murcota","sucos"
"1202","murcota","fruta"
"1203","murcota","maca"
"1204","murcota","maracuja"
"1205","murcota","murici"
"1206","murcota","pacoca"
"1207","murcota","roma"
"1208","murcota","rucula"
"1209","murcota","suco"
"1210","murcota","torta"
"1211","murcota","tucuma"
"1212","murcota","mugunza"
"1213","almondega","amendoa"
